"file","emails","addresses","firms","violation_mentions","agency_mentions"
"Gmail - RE_ Formal Notice of Lease Termination - Unit 533 - Addendum with Additional Documentation.pdf",8,1,1,7,15
"Email thread with Djene Moyer.pdf",4,0,4,0,4
"Gmail - Formal Notice of Lease Termination - Unit 533.pdf",4,0,0,4,3
"Gmail - RE_ Formal Notice of Lease Termination - Unit 533 - Addendum with Additional Documentation.pdf",8,1,1,7,15
"Notice of Acknowledgement Letter - 533.pdf",0,0,1,0,6
"(1) Edward Hyland, CAM, CAPS _ LinkedIn.pdf",0,0,10,0,0
"(1) Experience _ Edward Hyland, CAM, CAPS _ LinkedIn.pdf",0,0,8,0,0
"(1) Interests _ Edward Hyland, CAM, CAPS _ LinkedIn.pdf",0,0,8,0,1
"2 (1) Interests _ Edward Hyland, CAM, CAPS _ LinkedIn.pdf",0,0,3,0,0
"Edward Hyland.pdf",0,0,6,0,0
"Airbnb booking receipt.pdf",13,1,0,0,1
"Ideal & Stunning 2BR in Old Town w Free Parking - Apartments for Rent in Alexandria, Virginia, United States - Airbnb.pdf",0,0,0,0,2
"Reasonable Modification or Accommodation Form 2022 (Fillable) (1).pdf",0,0,0,0,0
"Scale AI correspondence.pdf",5,1,0,0,7
